<?xml version='1.0' encoding='utf-8' standalone='yes' ?>
<config>
<wl n="android" />
<wl n="android.auto_generated_rro_product__" />
<wl n="android.ext.services" />
<wl n="android.ext.shared" />
<wl n="app.airmusic.amrscservice" />
<wl n="app.airmusic.pro" />
<wl n="com.advanced.settings.doze" />
<wl n="com.amazon.mp3" />
<wl n="com.android.bluetooth" />
<wl n="com.android.bluetoothmidiservice" />
<wl n="com.android.camera2" />
<wl n="com.android.cameraextensions" />
<wl n="com.android.cellbroadcastservice" />
<wl n="com.android.chrome" />
<wl n="com.android.externalstorage" />
<wl n="com.android.companiondevicemanager" />
<wl n="com.android.connectivity.resources" />
<wl n="com.android.deskclock" />
<wl n="com.android.dialer" />
<wl n="com.android.imsserviceentitlement" />
<wl n="com.android.inputdevices" />
<wl n="com.android.internal.display.cutout.emulation.waterfall" />
<wl n="com.android.internal.systemui.navbar.gestural" />
<wl n="com.android.internal.systemui.navbar.gestural_extra_wide_back" />
<wl n="com.android.internal.systemui.navbar.gestural_narrow_back" />
<wl n="com.android.internal.systemui.navbar.gestural_wide_back" />
<wl n="com.android.internal.systemui.navbar.threebutton" />
<wl n="com.android.launcher3" />
<wl n="com.android.launcher3.overlay" />
<wl n="com.android.messaging" />
<wl n="com.android.mms.service" />
<wl n="com.android.mtp" />
<wl n="com.android.musicfx" />
<wl n="com.android.networkstack" />
<wl n="com.android.networkstack.inprocess" />
<wl n="com.android.nfc" />
<wl n="com.android.overlay.statusbarstock" />
<wl n="com.android.overlay.statusbarstocksysui" />
<wl n="com.android.phone" />
<wl n="com.android.plugin.volume.aosp" />
<wl n="com.android.providers.media" />
<wl n="com.android.providers.telephony" />
<wl n="com.android.server.telecom" />
<wl n="com.android.server.telecom.auto_generated_rro_vendor__" />
<wl n="com.android.service.ims" />
<wl n="com.android.settings" />
<wl n="com.android.soundpicker" />
<wl n="com.android.statementservice" />
<wl n="com.android.storagemanager" />
<wl n="com.android.systemui" />
<wl n="com.android.systemui.qstile.default" />
<wl n="com.android.theme.speedui.level1" />
<wl n="com.android.theme.speedui.level2" />
<wl n="com.android.theme.speedui.level3" />
<wl n="com.android.theme.speedui.level4" />
<wl n="com.android.theme.speedui.level5" />
<wl n="com.android.theme.speedui.level6" />
<wl n="com.android.theme.speedui.level7" />
<wl n="com.android.safetycenter.resources" />
<wl n="com.android.vending" />
<wl n="com.android.wallpaper" />
<wl n="com.android.webview" />
<wl n="com.android.wifi.resources" />
<wl n="com.apple.android.music" />
<wl n="com.arrow.overlay.statusbarstock" />
<wl n="com.aspiro.tidal" />
<wl n="com.bubblesoft.android.bubbleupnp" />
<wl n="com.bubblesoft.android.bubbleupnp.unlocker" />
<wl n="com.crdroid.customization" />
<wl n="com.dmholdings.DenonAVRRemote" />
<wl n="com.dnm.heos.phone" />
<wl n="com.extreamsd.usbaudioplayerpro" />
<wl n="com.facebook.orca" />
<wl n="com.google.android.GoogleCamera" />
<wl n="com.google.android.adservices.api" />
<wl n="com.google.android.apps.customization.pixel" />
<wl n="com.google.android.apps.googlecamera.fishfood" />
<wl n="com.google.android.apps.nbu.files" />
<wl n="com.google.android.apps.nexuslauncher" />
<wl n="com.google.android.apps.restore" />
<wl n="com.google.android.apps.tachyon" />
<wl n="com.google.android.apps.wallpaper" />
<wl n="com.google.android.apps.wellbeing" />
<wl n="com.google.android.apps.youtube.music" />
<wl n="com.google.android.bluetooth" />
<wl n="com.google.android.ext.services" />
<wl n="com.google.android.ext.shared" />
<wl n="com.google.android.gms" />
<wl n="com.google.android.gsf" />
<wl n="com.google.android.inputmethod.latin" />
<wl n="com.google.android.odad" />
<wl n="com.google.android.setupwizard" />
<wl n="com.google.android.webview" />
<wl n="com.google.ar.core" />
<wl n="com.google.pixel.livewallpaper" />
<wl n="com.jdcteam.buffcore" />
<wl n="com.maxmpz.audioplayer" />
<wl n="com.maxmpz.audioplayer.unlock" />
<wl n="com.maxmpz.equalizer" />
<wl n="com.neutroncode.mp" />
<wl n="com.onkyo.jp.onkyoremote" />
<wl n="com.onkyo.pioneer.pioneerremote" />
<wl n="com.qobuz.music" />
<wl n="com.qualcomm.qti.gpudrivers.kona.api30" />
<wl n="com.qualcomm.wfd.service" />
<wl n="com.spotify.music" />
<wl n="com.stevesoltys.seedvault" />
<wl n="com.topjohnwu.magisk" />
<wl n="com.whatsapp" />
<wl n="com.xiaomi.bluetooth.overlay" />
<wl n="com.zoiper.android.app" />
<wl n="deezer.android.app" />
<wl n="leedroiddevelopments.volumepanel" />
<wl n="leedroiddevelopments.volumepanelads" />
<wl n="lineageos.platform" />
<wl n="mobi.mgeek.TunnyBrowser" />
<wl n="net.sourceforge.opencamera" />
<wl n="org.arrowos.customisation" />
<wl n="org.lineageos.audiofx" />
<wl n="org.lineageos.backgrounds" />
<wl n="org.lineageos.customization" />
<wl n="org.lineageos.eleven" />
<wl n="org.lineageos.jelly" />
<wl n="org.lineageos.lineageparts" />
<wl n="org.lineageos.lineagesettings" />
<wl n="org.lineageos.settings.doze" />
<wl n="org.lineageos.snap" />
<wl n="org.omnirom.omnijaws" />
<wl n="org.omnirom.omnistyle" />
<wl n="org.protonaosp.elmyra" />
</config>
